"date_long","party","polls","est","lower","upper","fvab","final_val","final_label"
2021-01-04,"con",0.39,0.389341948846803,0.358269659845765,0.418789719334071,NA,NA,NA
2021-01-04,"grn",0.06,0.0483032101385812,0.0398151285914242,0.0585664357477786,NA,NA,NA
2021-01-04,"lab",0.39,0.394105518971133,0.365952876214957,0.42511557071207,NA,NA,NA
2021-01-04,"lib",0.06,0.0689049390234478,0.0585236806337835,0.0809022161568992,NA,NA,NA
2021-01-04,"snp",0.05,0.0490151172056436,0.0403910312410584,0.0592630537736862,NA,NA,NA
2021-01-13,"con",0.38,0.394600715013251,0.36417163071002,0.4237237157689,NA,NA,NA
2021-01-13,"grn",0.06,0.0484586343363069,0.0401436503010826,0.0581599026404387,NA,NA,NA
2021-01-13,"lab",0.39,0.389292922469597,0.362003333931124,0.419239296798197,NA,NA,NA
2021-01-13,"lib",0.05,0.0690886544786733,0.0589800238329408,0.0807843030973978,NA,NA,NA
2021-01-13,"snp",0.05,0.0485581663046133,0.0401764645518504,0.058570456963046,NA,NA,NA
2021-04-13,"con",0.43,0.426117734276451,0.395865041838804,0.45393552018726,NA,NA,NA
2021-04-13,"grn",0.08,0.0544725556773434,0.0454550840149589,0.0646668696574564,NA,NA,NA
2021-04-13,"lab",0.29,0.351003914721636,0.326252302608132,0.378743324222916,NA,NA,NA
2021-04-13,"lib",0.08,0.0742140212406643,0.0637114100283521,0.0859736760369478,NA,NA,NA
2021-04-13,"snp",0.05,0.0456870521747814,0.03818694231803,0.0546134649677821,NA,NA,NA
2021-04-17,"con",0.4,0.42651965251444,0.396144496046565,0.454228316992632,NA,NA,NA
2021-04-17,"con",0.43,0.42651965251444,0.396144496046565,0.454228316992632,NA,NA,NA
2021-04-17,"grn",0.07,0.0550538195396872,0.0460574801624467,0.0653641071793362,NA,NA,NA
2021-04-17,"grn",0.04,0.0550538195396872,0.0460574801624467,0.0653641071793362,NA,NA,NA
2021-04-17,"lab",0.34,0.349720570876769,0.324840478148554,0.377120222487958,NA,NA,NA
2021-04-17,"lab",0.34,0.349720570876769,0.324840478148554,0.377120222487958,NA,NA,NA
2021-04-17,"lib",0.07,0.0746543355809578,0.0640513077077775,0.0864341203197775,NA,NA,NA
2021-04-17,"lib",0.09,0.0746543355809578,0.0640513077077775,0.0864341203197775,NA,NA,NA
2021-04-17,"snp",0.05,0.045612144230459,0.0380906190299177,0.0545552905650798,NA,NA,NA
2021-04-17,"snp",0.04,0.045612144230459,0.0380906190299177,0.0545552905650798,NA,NA,NA
2021-04-19,"con",0.4,0.426698915917168,0.396316385032669,0.454346886059508,NA,NA,NA
2021-04-19,"con",0.44,0.426698915917168,0.396316385032669,0.454346886059508,NA,NA,NA
2021-04-19,"grn",0.05,0.0553373482212813,0.0463338324203522,0.0656656378371509,NA,NA,NA
2021-04-19,"grn",0.04,0.0553373482212813,0.0463338324203522,0.0656656378371509,NA,NA,NA
2021-04-19,"lab",0.34,0.349086103684995,0.324280357238888,0.376375091561964,NA,NA,NA
2021-04-19,"lab",0.37,0.349086103684995,0.324280357238888,0.376375091561964,NA,NA,NA
2021-04-19,"lib",0.1,0.074862658563506,0.0642440678582469,0.0866934547294469,NA,NA,NA
2021-04-19,"lib",0.08,0.074862658563506,0.0642440678582469,0.0866934547294469,NA,NA,NA
2021-04-19,"snp",0.04,0.0455525349678404,0.0380384105113375,0.0545030784750416,NA,NA,NA
2021-04-19,"snp",0.06,0.0455525349678404,0.0380384105113375,0.0545030784750416,NA,NA,NA
2021-04-21,"con",0.44,0.426878001903224,0.396698334565305,0.454496184855226,NA,NA,NA
2021-04-21,"grn",0.07,0.0556476829484351,0.0466094757112631,0.0659967906369435,NA,NA,NA
2021-04-21,"lab",0.34,0.348348384525847,0.3235858934012,0.375600438934852,NA,NA,NA
2021-04-21,"lib",0.05,0.0750778152817274,0.0643987385842138,0.0869586767475993,NA,NA,NA
2021-04-21,"snp",0.05,0.045506213628702,0.0379853691336176,0.0544660173096201,NA,NA,NA
2021-04-22,"con",0.44,0.427001363883522,0.396836106932847,0.454680493830545,NA,NA,NA
2021-04-22,"grn",0.05,0.0557966575115684,0.0467341553355992,0.0661967535271104,NA,NA,NA
2021-04-22,"lab",0.33,0.347960589386811,0.323222411435079,0.375177936164173,NA,NA,NA
2021-04-22,"lib",0.07,0.0751631311848352,0.0645133491174878,0.0870839449670939,NA,NA,NA
2021-04-22,"snp",0.06,0.0454827070364693,0.0379626315530482,0.0544497986786723,NA,NA,NA
2021-01-14,"con",0.37,0.395273801303143,0.364794056492675,0.424269774088142,NA,NA,NA
2021-01-14,"grn",0.04,0.0484651744525931,0.0402036747246136,0.0581284099289225,NA,NA,NA
2021-01-14,"lab",0.41,0.388795498451182,0.361516721476426,0.418444359649222,NA,NA,NA
2021-01-14,"lib",0.06,0.0691038859398743,0.0590124992307503,0.0807635786280942,NA,NA,NA
2021-01-14,"snp",0.06,0.0485071964930957,0.0401427322964364,0.0584587373886149,NA,NA,NA
2021-04-24,"con",0.41,0.427231546367589,0.396862775134258,0.454902068695727,NA,NA,NA
2021-04-24,"con",0.39,0.427231546367589,0.396862775134258,0.454902068695727,NA,NA,NA
2021-04-24,"con",0.42,0.427231546367589,0.396862775134258,0.454902068695727,NA,NA,NA
2021-04-24,"grn",0.07,0.056116967195332,0.0469610057177642,0.0665500174012609,NA,NA,NA
2021-04-24,"grn",0.06,0.056116967195332,0.0469610057177642,0.0665500174012609,NA,NA,NA
2021-04-24,"grn",0.03,0.056116967195332,0.0469610057177642,0.0665500174012609,NA,NA,NA
2021-04-24,"lab",0.35,0.347182358192202,0.322457855984033,0.374379830499159,NA,NA,NA
2021-04-24,"lab",0.33,0.347182358192202,0.322457855984033,0.374379830499159,NA,NA,NA
2021-04-24,"lab",0.35,0.347182358192202,0.322457855984033,0.374379830499159,NA,NA,NA
2021-04-24,"lib",0.08,0.0753726916820241,0.0646888146588062,0.0873720635089898,NA,NA,NA
2021-04-24,"lib",0.09,0.0753726916820241,0.0646888146588062,0.0873720635089898,NA,NA,NA
2021-04-24,"lib",0.1,0.0753726916820241,0.0646888146588062,0.0873720635089898,NA,NA,NA
2021-04-24,"snp",0.04,0.0454307159865223,0.0379352222829141,0.0543897332537478,NA,NA,NA
2021-04-24,"snp",0.05,0.0454307159865223,0.0379352222829141,0.0543897332537478,NA,NA,NA
2021-04-24,"snp",0.05,0.0454307159865223,0.0379352222829141,0.0543897332537478,NA,NA,NA
2021-04-26,"con",0.44,0.427490424663673,0.397168879578228,0.455182744422606,NA,NA,NA
2021-04-26,"grn",0.04,0.0564194414690084,0.0471931551435294,0.0669401388001525,NA,NA,NA
2021-04-26,"lab",0.34,0.346444821176672,0.321678143649225,0.373631224952968,NA,NA,NA
2021-04-26,"lib",0.08,0.0755876419592327,0.0648850431905507,0.0875893807944574,NA,NA,NA
2021-04-26,"snp",0.05,0.0453839103212123,0.0379034286503779,0.0543295201151314,NA,NA,NA
2021-04-27,"con",0.44,0.427624055873591,0.397445550493532,0.455251643314219,NA,NA,NA
2021-04-27,"grn",0.07,0.0565794136754478,0.0473192846430469,0.0671750511738136,NA,NA,NA
2021-04-27,"lab",0.33,0.346073704011596,0.321275436453604,0.373240816160296,NA,NA,NA
2021-04-27,"lib",0.07,0.0756707855327142,0.0649782335294082,0.0877275767360137,NA,NA,NA
2021-04-27,"snp",0.04,0.0453644348958255,0.0378618156089702,0.0543027999511886,NA,NA,NA
2021-04-28,"con",0.43,0.427774919214091,0.39758936466229,0.455312030933893,NA,NA,NA
2021-04-28,"con",0.39,0.427774919214091,0.39758936466229,0.455312030933893,NA,NA,NA
2021-04-28,"grn",0.07,0.0567334375408881,0.0474494941706767,0.0673742691290459,NA,NA,NA
2021-04-28,"grn",0.06,0.0567334375408881,0.0474494941706767,0.0673742691290459,NA,NA,NA
2021-04-28,"lab",0.38,0.345714356115981,0.32094815326675,0.372830123119234,NA,NA,NA
2021-04-28,"lab",0.34,0.345714356115981,0.32094815326675,0.372830123119234,NA,NA,NA
2021-04-28,"lib",0.09,0.0757716503370685,0.0650722546619716,0.087851928924266,NA,NA,NA
2021-04-28,"lib",0.05,0.0757716503370685,0.0650722546619716,0.087851928924266,NA,NA,NA
2021-04-28,"snp",0.04,0.0453310032266783,0.0378452882439689,0.0542661733849863,NA,NA,NA
2021-04-28,"snp",0.05,0.0453310032266783,0.0378452882439689,0.0542661733849863,NA,NA,NA
2021-04-29,"con",0.4,0.427882559332593,0.397740519042636,0.455605518444833,NA,NA,NA
2021-04-29,"con",0.42,0.427882559332593,0.397740519042636,0.455605518444833,NA,NA,NA
2021-04-29,"grn",0.04,0.0568902760014276,0.0475582020484184,0.0675600261901254,NA,NA,NA
2021-04-29,"grn",0.04,0.0568902760014276,0.0475582020484184,0.0675600261901254,NA,NA,NA
2021-04-29,"lab",0.37,0.345333551767745,0.320602579138163,0.372335022066289,NA,NA,NA
2021-04-29,"lab",0.39,0.345333551767745,0.320602579138163,0.372335022066289,NA,NA,NA
2021-04-29,"lib",0.07,0.0758708101819565,0.0651729481795575,0.0879863570326281,NA,NA,NA
2021-04-29,"lib",0.06,0.0758708101819565,0.0651729481795575,0.0879863570326281,NA,NA,NA
2021-04-29,"snp",0.05,0.045300841149661,0.0378290553970789,0.0542377357472311,NA,NA,NA
2021-04-29,"snp",0.04,0.045300841149661,0.0378290553970789,0.0542377357472311,NA,NA,NA
2021-05-01,"con",0.4,0.428266515089346,0.398117375240271,0.456091063016319,NA,NA,NA
2021-05-01,"grn",0.04,0.057184554157043,0.047812710974263,0.0678890613857557,NA,NA,NA
2021-05-01,"lab",0.36,0.344478513234408,0.319917426329243,0.371556834869501,NA,NA,NA
2021-05-01,"lib",0.08,0.0760603932244103,0.0653629102558872,0.0882206943943718,NA,NA,NA
2021-05-01,"snp",0.04,0.0452273078028433,0.0377577498111579,0.0541620501632686,NA,NA,NA
2021-05-03,"con",0.4,0.42862490851545,0.3984270471158,0.456475164472549,NA,NA,NA
2021-05-03,"grn",0.05,0.0574961208427342,0.0480527866324749,0.0681676903894078,NA,NA,NA
2021-05-03,"lab",0.38,0.343724789728724,0.319176503484399,0.370819747146977,NA,NA,NA
2021-05-03,"lib",0.07,0.0762645383740148,0.0655632338387502,0.0884921778582333,NA,NA,NA
2021-05-03,"snp",0.04,0.0451690293235614,0.0377651925643666,0.0540973296717603,NA,NA,NA
2021-05-04,"con",0.43,0.428738743279657,0.398581295358648,0.456646594886667,NA,NA,NA
2021-05-04,"con",0.45,0.428738743279657,0.398581295358648,0.456646594886667,NA,NA,NA
2021-05-04,"grn",0.06,0.0576523166148655,0.0481819511689498,0.0683175280906324,NA,NA,NA
2021-05-04,"grn",0.05,0.0576523166148655,0.0481819511689498,0.0683175280906324,NA,NA,NA
2021-05-04,"lab",0.36,0.34336577950364,0.318765506624485,0.370373089090634,NA,NA,NA
2021-05-04,"lab",0.33,0.34336577950364,0.318765506624485,0.370373089090634,NA,NA,NA
2021-05-04,"lib",0.06,0.0763678434129381,0.0656654989944105,0.088604659165619,NA,NA,NA
2021-05-04,"lib",0.07,0.0763678434129381,0.0656654989944105,0.088604659165619,NA,NA,NA
2021-05-04,"snp",0.04,0.0451345560092172,0.0377273350366859,0.0540682114581558,NA,NA,NA
2021-05-04,"snp",0.05,0.0451345560092172,0.0377273350366859,0.0540682114581558,NA,NA,NA
2021-05-08,"con",0.42,0.429302651141319,0.399411549154196,0.457233638079006,NA,NA,NA
2021-05-08,"grn",0.04,0.058214297352501,0.048608538560778,0.0689697607880348,NA,NA,NA
2021-05-08,"lab",0.34,0.34188604065326,0.317462165886188,0.36870400053717,NA,NA,NA
2021-05-08,"lib",0.08,0.0767862330443071,0.065935750246141,0.0889999030943849,NA,NA,NA
2021-05-08,"snp",0.05,0.0450380201247003,0.0376340272929109,0.053924133651468,NA,NA,NA
2021-05-10,"con",0.45,0.42963522267193,0.399870892243638,0.457690606508199,NA,NA,NA
2021-05-10,"grn",0.05,0.0585149356877321,0.0487993308692589,0.0693867748120051,NA,NA,NA
2021-05-10,"lab",0.34,0.341148947120019,0.316726638464696,0.368074213422806,NA,NA,NA
2021-05-10,"lib",0.08,0.076991798934218,0.0660931390955709,0.0892630390603689,NA,NA,NA
2021-05-10,"snp",0.04,0.0449891785585706,0.0375711655427029,0.0538299033321667,NA,NA,NA
2021-05-11,"con",0.45,0.429787357176024,0.400059027206307,0.457755231212358,NA,NA,NA
2021-05-11,"grn",0.08,0.0586575309657743,0.048909693013577,0.0695653249056334,NA,NA,NA
2021-05-11,"lab",0.3,0.340769380227965,0.316400944720635,0.367716460889976,NA,NA,NA
2021-05-11,"lib",0.07,0.0771027564675253,0.066170228514022,0.0893110454784569,NA,NA,NA
2021-05-11,"snp",0.05,0.044975955897395,0.037533697398953,0.0537940566542606,NA,NA,NA
2021-01-16,"con",0.39,0.396545604078612,0.366109544435404,0.425360899161107,NA,NA,NA
2021-01-16,"grn",0.03,0.048494633395628,0.0402638234841423,0.0581801852707504,NA,NA,NA
2021-01-16,"lab",0.37,0.387729059599484,0.360421095374618,0.417334403910403,NA,NA,NA
2021-01-16,"lib",0.07,0.0691178779166562,0.0590705282223506,0.080772578292082,NA,NA,NA
2021-01-16,"snp",0.05,0.048410011783888,0.0400477264777853,0.0583031500411472,NA,NA,NA
2021-05-13,"con",0.44,0.430066390860082,0.400288707912363,0.457856927816718,NA,NA,NA
2021-05-13,"grn",0.07,0.0589335155677804,0.0490870656519771,0.0699027764498016,NA,NA,NA
2021-05-13,"lab",0.31,0.340046150859646,0.315658215697744,0.366910861742578,NA,NA,NA
2021-05-13,"lib",0.08,0.0773244313038156,0.0663503243561533,0.0895048727223746,NA,NA,NA
2021-05-13,"snp",0.05,0.0449013151853481,0.0374614174059713,0.0536976906745912,NA,NA,NA
2021-05-14,"con",0.43,0.430202768773917,0.400424022584001,0.458048475849007,NA,NA,NA
2021-05-14,"grn",0.09,0.0590508051471605,0.0491725065149527,0.0700770357844858,NA,NA,NA
2021-05-14,"lab",0.3,0.339694592500614,0.315355667360382,0.366589639213932,NA,NA,NA
2021-05-14,"lib",0.11,0.0774263581869704,0.0664353466541645,0.0896625470340333,NA,NA,NA
2021-05-14,"snp",0.05,0.0448618868411004,0.0374351170361552,0.0536612487859493,NA,NA,NA
2021-05-15,"con",0.43,0.430269337776565,0.400516772170221,0.458118866032322,NA,NA,NA
2021-05-15,"grn",0.05,0.0591887969433598,0.0492778930697124,0.0702197127678914,NA,NA,NA
2021-05-15,"lab",0.32,0.339378034433528,0.315014057387941,0.366263408920204,NA,NA,NA
2021-05-15,"lib",0.08,0.0775326673482025,0.0665125173281364,0.0897425873690597,NA,NA,NA
2021-05-15,"snp",0.04,0.044832699099354,0.0373922316739565,0.0536147431164582,NA,NA,NA
2021-05-17,"con",0.42,0.43058423707651,0.400779474029496,0.458380683694749,NA,NA,NA
2021-05-17,"grn",0.06,0.0594249081315813,0.049495477608281,0.0704909407411764,NA,NA,NA
2021-05-17,"lab",0.33,0.338670132303026,0.314281585767935,0.36543554871102,NA,NA,NA
2021-05-17,"lib",0.1,0.0777523079741242,0.0666623437092579,0.090010292728572,NA,NA,NA
2021-05-17,"snp",0.04,0.0447582216090356,0.0373435785770158,0.0535423408638114,NA,NA,NA
2021-05-19,"con",0.46,0.430770969842649,0.401130390509597,0.458737953019416,NA,NA,NA
2021-05-19,"grn",0.08,0.0596504454571445,0.0496884712685366,0.0708068817430082,NA,NA,NA
2021-05-19,"lab",0.28,0.338091583125227,0.31362981760094,0.364857414502388,NA,NA,NA
2021-05-19,"lib",0.08,0.077939325006884,0.0668845143975117,0.0902694909136122,NA,NA,NA
2021-05-19,"snp",0.05,0.044722393322329,0.0373140934790923,0.0534966684394571,NA,NA,NA
2021-05-22,"con",0.43,0.43108685168128,0.401386687066507,0.458957715340942,NA,NA,NA
2021-05-22,"grn",0.04,0.059935217805685,0.0499109205077652,0.0711366765798397,NA,NA,NA
2021-05-22,"lab",0.34,0.337313038959784,0.312706844318125,0.36412565306308,NA,NA,NA
2021-05-22,"lib",0.09,0.0782621008529284,0.06724205247198,0.0906008446495044,NA,NA,NA
2021-05-22,"snp",0.04,0.0446491611247321,0.0372883786243627,0.053357087785746,NA,NA,NA
2021-05-24,"con",0.43,0.431157274660566,0.401438022084233,0.459022794727551,NA,NA,NA
2021-05-24,"grn",0.05,0.0600860570294581,0.050028091505946,0.0713451400908842,NA,NA,NA
2021-05-24,"lab",0.33,0.336843883262744,0.31215992555015,0.363713330317364,NA,NA,NA
2021-05-24,"lib",0.1,0.0785202641723502,0.0675144818778189,0.0908771599958194,NA,NA,NA
2021-05-24,"snp",0.04,0.0446008029837668,0.0372592105267045,0.0533023919636994,NA,NA,NA
2021-05-25,"con",0.44,0.431175870157274,0.401383070476527,0.459031246518142,NA,NA,NA
2021-05-25,"grn",0.06,0.0601669245253289,0.050097109220742,0.0714071223255098,NA,NA,NA
2021-05-25,"lab",0.33,0.336623474895023,0.311901325580952,0.363507205457023,NA,NA,NA
2021-05-25,"lib",0.08,0.0786715936092917,0.0676173081065393,0.0910467232125828,NA,NA,NA
2021-05-25,"snp",0.04,0.0445859073043078,0.0372385933040011,0.0532931464883328,NA,NA,NA
2021-05-27,"con",0.42,0.431125267952385,0.401413261113235,0.458979314205076,NA,NA,NA
2021-05-27,"con",0.43,0.431125267952385,0.401413261113235,0.458979314205076,NA,NA,NA
2021-05-27,"con",0.44,0.431125267952385,0.401413261113235,0.458979314205076,NA,NA,NA
2021-05-27,"con",0.43,0.431125267952385,0.401413261113235,0.458979314205076,NA,NA,NA
2021-05-27,"grn",0.08,0.0603054349083878,0.0502073076325379,0.0714714132922893,NA,NA,NA
2021-05-27,"grn",0.05,0.0603054349083878,0.0502073076325379,0.0714714132922893,NA,NA,NA
2021-05-27,"grn",0.05,0.0603054349083878,0.0502073076325379,0.0714714132922893,NA,NA,NA
2021-05-27,"grn",0.08,0.0603054349083878,0.0502073076325379,0.0714714132922893,NA,NA,NA
2021-05-27,"lab",0.32,0.336177034303945,0.311437838229393,0.363173111082757,NA,NA,NA
2021-05-27,"lab",0.36,0.336177034303945,0.311437838229393,0.363173111082757,NA,NA,NA
2021-05-27,"lab",0.33,0.336177034303945,0.311437838229393,0.363173111082757,NA,NA,NA
2021-05-27,"lab",0.29,0.336177034303945,0.311437838229393,0.363173111082757,NA,NA,NA
2021-05-27,"lib",0.07,0.078909641900922,0.0678367140763559,0.0913944747714507,NA,NA,NA
2021-05-27,"lib",0.1,0.078909641900922,0.0678367140763559,0.0913944747714507,NA,NA,NA
2021-05-27,"lib",0.08,0.078909641900922,0.0678367140763559,0.0913944747714507,NA,NA,NA
2021-05-27,"lib",0.06,0.078909641900922,0.0678367140763559,0.0913944747714507,NA,NA,NA
2021-05-27,"snp",0.05,0.044571528833805,0.0372140411084952,0.0532396000747659,NA,NA,NA
2021-05-27,"snp",0.05,0.044571528833805,0.0372140411084952,0.0532396000747659,NA,NA,NA
2021-05-27,"snp",0.05,0.044571528833805,0.0372140411084952,0.0532396000747659,NA,NA,NA
2021-05-27,"snp",0.05,0.044571528833805,0.0372140411084952,0.0532396000747659,NA,NA,NA
2021-05-29,"con",0.42,0.431061157453941,0.401292892709941,0.458849731492022,NA,NA,NA
2021-05-29,"grn",0.05,0.0604657636195801,0.0503024943473315,0.071607761102549,NA,NA,NA
2021-05-29,"lab",0.32,0.335831271352807,0.311050022319239,0.362746292304387,NA,NA,NA
2021-05-29,"lib",0.09,0.0791623959755298,0.0680696685262148,0.0916930379713868,NA,NA,NA
2021-05-29,"snp",0.04,0.0445376166864868,0.0371814063307336,0.0532039650819721,NA,NA,NA
2021-05-31,"con",0.44,0.431016907548445,0.401169045567012,0.458642664818649,NA,NA,NA
2021-05-31,"con",0.45,0.431016907548445,0.401169045567012,0.458642664818649,NA,NA,NA
2021-05-31,"grn",0.07,0.0605773554155432,0.050406983132008,0.071661399881237,NA,NA,NA
2021-05-31,"grn",0.05,0.0605773554155432,0.050406983132008,0.071661399881237,NA,NA,NA
2021-05-31,"lab",0.35,0.335563843311638,0.310807792236632,0.36260471989849,NA,NA,NA
2021-05-31,"lab",0.34,0.335563843311638,0.310807792236632,0.36260471989849,NA,NA,NA
2021-05-31,"lib",0.08,0.0794522040918067,0.0683022137066841,0.0919632650185598,NA,NA,NA
2021-05-31,"lib",0.06,0.0794522040918067,0.0683022137066841,0.0919632650185598,NA,NA,NA
2021-05-31,"snp",0.04,0.0445125032246686,0.0371484738202233,0.053173862690501,NA,NA,NA
2021-05-31,"snp",0.05,0.0445125032246686,0.0371484738202233,0.053173862690501,NA,NA,NA
2021-06-01,"con",0.41,0.430913235471452,0.401128642933755,0.45853591623695,NA,NA,NA
2021-06-01,"grn",0.06,0.060639809265611,0.0504797757507433,0.0716588662995212,NA,NA,NA
2021-06-01,"lab",0.33,0.335441206084235,0.310677675983843,0.362510193943608,NA,NA,NA
2021-06-01,"lib",0.09,0.079591856538515,0.0684300240052423,0.0921053538601162,NA,NA,NA
2021-06-01,"snp",0.04,0.0444968782119235,0.0371347735417787,0.0531613494497071,NA,NA,NA
2021-01-18,"con",0.4,0.397838155546059,0.367092103421999,0.426265271200736,NA,NA,NA
2021-01-18,"grn",0.05,0.0485347403333297,0.0402940637823316,0.0581825005353095,NA,NA,NA
2021-01-18,"lab",0.38,0.386607281049337,0.359347561863647,0.416314538379459,NA,NA,NA
2021-01-18,"lib",0.08,0.0691794421574818,0.059172284715605,0.0808048694349458,NA,NA,NA
2021-01-18,"snp",0.04,0.0483017857550918,0.0399857368034926,0.058146733824898,NA,NA,NA
2021-06-02,"con",0.46,0.430816596805446,0.40100907072291,0.45856306417226,NA,NA,NA
2021-06-02,"grn",0.09,0.0606887061384041,0.0505449462889096,0.0717108863676698,NA,NA,NA
2021-06-02,"lab",0.3,0.335361848121239,0.31054558253502,0.362385127403059,NA,NA,NA
2021-06-02,"lib",0.06,0.0797587029399531,0.0685640928822948,0.0922718355279118,NA,NA,NA
2021-06-02,"snp",0.04,0.0444979417808174,0.0371142943671026,0.0531390979590378,NA,NA,NA
2021-06-05,"con",0.45,0.430390393388406,0.400557061455189,0.458386561591005,NA,NA,NA
2021-06-05,"con",0.44,0.430390393388406,0.400557061455189,0.458386561591005,NA,NA,NA
2021-06-05,"grn",0.06,0.0607753183391793,0.0506757683706825,0.0718410842827986,NA,NA,NA
2021-06-05,"grn",0.05,0.0607753183391793,0.0506757683706825,0.0718410842827986,NA,NA,NA
2021-06-05,"lab",0.32,0.335120181831093,0.31024214800679,0.362137774206022,NA,NA,NA
2021-06-05,"lab",0.32,0.335120181831093,0.31024214800679,0.362137774206022,NA,NA,NA
2021-06-05,"lib",0.08,0.0802245509202124,0.0689741256194497,0.0928011137995439,NA,NA,NA
2021-06-05,"lib",0.08,0.0802245509202124,0.0689741256194497,0.0928011137995439,NA,NA,NA
2021-06-05,"snp",0.04,0.0444815763777942,0.0370624995355083,0.0531118302307319,NA,NA,NA
2021-06-05,"snp",0.04,0.0444815763777942,0.0370624995355083,0.0531118302307319,NA,NA,NA
2021-06-07,"con",0.43,0.430006884669226,0.400279005653878,0.457908204157237,NA,NA,NA
2021-06-07,"grn",0.05,0.0607966227968481,0.0507810710657846,0.0718231109104937,NA,NA,NA
2021-06-07,"lab",0.36,0.335064508069112,0.31018075600886,0.361998033426132,NA,NA,NA
2021-06-07,"lib",0.07,0.0805423862034567,0.0692691528829547,0.0932041195854862,NA,NA,NA
2021-06-07,"snp",0.05,0.0444692361830042,0.0370546301570643,0.0530796758747538,NA,NA,NA
2021-06-09,"con",0.44,0.429562286178459,0.399805237365015,0.457534573739672,NA,NA,NA
2021-06-09,"con",0.42,0.429562286178459,0.399805237365015,0.457534573739672,NA,NA,NA
2021-06-09,"grn",0.09,0.0608591288407397,0.0508616227143869,0.0719313309612629,NA,NA,NA
2021-06-09,"grn",0.05,0.0608591288407397,0.0508616227143869,0.0719313309612629,NA,NA,NA
2021-06-09,"lab",0.35,0.335115589970276,0.310277267269994,0.36200605394253,NA,NA,NA
2021-06-09,"lab",0.31,0.335115589970276,0.310277267269994,0.36200605394253,NA,NA,NA
2021-06-09,"lib",0.09,0.0808958243498085,0.06962786114956,0.0935820298513016,NA,NA,NA
2021-06-09,"lib",0.07,0.0808958243498085,0.06962786114956,0.0935820298513016,NA,NA,NA
2021-06-09,"snp",0.04,0.0444513321090676,0.0370702786329135,0.0530694372808196,NA,NA,NA
2021-06-09,"snp",0.05,0.0444513321090676,0.0370702786329135,0.0530694372808196,NA,NA,NA
2021-06-10,"con",0.45,0.429320523551735,0.39971655971902,0.457239585585393,NA,NA,NA
2021-06-10,"con",0.43,0.429320523551735,0.39971655971902,0.457239585585393,NA,NA,NA
2021-06-10,"grn",0.07,0.060871080370618,0.0509108393467255,0.0719370896902483,NA,NA,NA
2021-06-10,"grn",0.07,0.060871080370618,0.0509108393467255,0.0719370896902483,NA,NA,NA
2021-06-10,"lab",0.34,0.335083357337786,0.310212996628783,0.362001175574464,NA,NA,NA
2021-06-10,"lab",0.34,0.335083357337786,0.310212996628783,0.362001175574464,NA,NA,NA
2021-06-10,"lib",0.05,0.0810731499012845,0.0697649418786896,0.0937720848481404,NA,NA,NA
2021-06-10,"lib",0.06,0.0810731499012845,0.0697649418786896,0.0937720848481404,NA,NA,NA
2021-06-10,"snp",0.05,0.0444652219582572,0.0370560531271485,0.0530616740258613,NA,NA,NA
2021-06-10,"snp",0.06,0.0444652219582572,0.0370560531271485,0.0530616740258613,NA,NA,NA
2021-06-11,"con",0.46,0.429069569518835,0.399407454545884,0.457033207358573,NA,NA,NA
2021-06-11,"grn",0.05,0.0609010159407723,0.0509617480101834,0.0719889994209194,NA,NA,NA
2021-06-11,"lab",0.34,0.335083311645263,0.310282990836022,0.361936061908066,NA,NA,NA
2021-06-11,"lib",0.07,0.0812459125112118,0.0699441606117808,0.0939834260147148,NA,NA,NA
2021-06-11,"snp",0.02,0.0444694195062011,0.0370602143670522,0.0530845781070209,NA,NA,NA
2021-06-12,"con",0.41,0.428766780932633,0.39914266523537,0.456794751126309,NA,NA,NA
2021-06-12,"grn",0.06,0.0609040659933548,0.0510046905768794,0.0720668951171433,NA,NA,NA
2021-06-12,"lab",0.34,0.335078379425452,0.310381941977799,0.361994184740553,NA,NA,NA
2021-06-12,"lib",0.08,0.0814325847940381,0.0701180168152958,0.0941878698899418,NA,NA,NA
2021-06-12,"snp",0.05,0.0444613635403008,0.0370807507531049,0.0530821018425559,NA,NA,NA
2021-06-13,"con",0.41,0.428471481147423,0.398828511703245,0.45647231105999,NA,NA,NA
2021-06-13,"con",0.44,0.428471481147423,0.398828511703245,0.45647231105999,NA,NA,NA
2021-06-13,"grn",0.07,0.0609091352481155,0.0509643689201698,0.0721127922092566,NA,NA,NA
2021-06-13,"grn",0.05,0.0609091352481155,0.0509643689201698,0.0721127922092566,NA,NA,NA
2021-06-13,"lab",0.33,0.335110109574669,0.310396233878002,0.362018575336807,NA,NA,NA
2021-06-13,"lab",0.34,0.335110109574669,0.310396233878002,0.362018575336807,NA,NA,NA
2021-06-13,"lib",0.09,0.081627676445097,0.0702949483460652,0.0944135910117345,NA,NA,NA
2021-06-13,"lib",0.08,0.081627676445097,0.0702949483460652,0.0944135910117345,NA,NA,NA
2021-06-13,"snp",0.04,0.0444596973225777,0.0370866775290816,0.0530919469938126,NA,NA,NA
2021-06-13,"snp",0.04,0.0444596973225777,0.0370866775290816,0.0530919469938126,NA,NA,NA
2021-06-16,"con",0.45,0.427472927583394,0.397907424277453,0.455647745109118,NA,NA,NA
2021-06-16,"grn",0.07,0.0609290690874265,0.0509875376713705,0.0722066262924932,NA,NA,NA
2021-06-16,"lab",0.31,0.335296780747702,0.31066553425039,0.362233443224454,NA,NA,NA
2021-06-16,"lib",0.06,0.0822185728691005,0.0707848497254021,0.0950953855836609,NA,NA,NA
2021-06-16,"snp",0.05,0.0444938900627186,0.0371285036590341,0.0531165156728589,NA,NA,NA
2021-06-18,"con",0.41,0.426746690061052,0.397194922434519,0.454947560537696,NA,NA,NA
2021-06-18,"grn",0.05,0.060941090450455,0.0510055591114542,0.0722525627268887,NA,NA,NA
2021-06-18,"lab",0.35,0.335398244963217,0.310899068692883,0.362476989974773,NA,NA,NA
2021-06-18,"lib",0.1,0.0826031649836699,0.0711089482062604,0.09558047625093,NA,NA,NA
2021-06-18,"snp",0.02,0.0445178118449932,0.037156078349494,0.0531649669962727,NA,NA,NA
2021-06-19,"con",0.44,0.426348856519577,0.396819376989849,0.454486407159249,NA,NA,NA
2021-06-19,"grn",0.05,0.0609335895034868,0.0509861136162205,0.072303403229592,NA,NA,NA
2021-06-19,"lab",0.3,0.335480471037982,0.311029375727521,0.362613907071938,NA,NA,NA
2021-06-19,"lib",0.1,0.0828055250768709,0.0712724008581903,0.0958133295856673,NA,NA,NA
2021-06-19,"snp",0.04,0.0445360761779423,0.0371229569059331,0.0531836426439644,NA,NA,NA
2021-06-21,"con",0.44,0.425500442868819,0.396043388748379,0.453739072922698,NA,NA,NA
2021-06-21,"grn",0.04,0.0609210451063666,0.051012927918656,0.0723044771190214,NA,NA,NA
2021-06-21,"lab",0.33,0.335751995446611,0.311321989843034,0.363008054228105,NA,NA,NA
2021-06-21,"lib",0.1,0.083240316633028,0.0716320457403566,0.0962934205111684,NA,NA,NA
2021-06-21,"snp",0.04,0.0445569171808145,0.0371653528702557,0.0532298614537077,NA,NA,NA
2021-06-23,"con",0.42,0.424647127548256,0.39506299255313,0.452842248198293,NA,NA,NA
2021-06-23,"grn",0.07,0.0609551084284124,0.0509537973409852,0.0724113736836309,NA,NA,NA
2021-06-23,"lab",0.3,0.336116715844446,0.311581843782467,0.363230390347959,NA,NA,NA
2021-06-23,"lib",0.09,0.0836560829878226,0.0720177070694023,0.0967963059516519,NA,NA,NA
2021-06-23,"snp",0.05,0.0445775660089231,0.0371618337891629,0.0532778247942186,NA,NA,NA
2021-06-24,"con",0.43,0.424208546750613,0.394586245037841,0.452405323583669,NA,NA,NA
2021-06-24,"grn",0.05,0.06097816989858,0.0509508187457274,0.07246371429498,NA,NA,NA
2021-06-24,"lab",0.35,0.336314129538595,0.311713548620441,0.363385550452562,NA,NA,NA
2021-06-24,"lib",0.07,0.0838576525487859,0.0722384308353375,0.0970382604468119,NA,NA,NA
2021-06-24,"snp",0.05,0.0445877473505844,0.037140146745414,0.0533174563593823,NA,NA,NA
2021-06-25,"con",0.41,0.423757642231943,0.394059380202488,0.451913864868309,NA,NA,NA
2021-06-25,"grn",0.05,0.0610037808555457,0.0509921060730039,0.07251319359639,NA,NA,NA
2021-06-25,"lab",0.35,0.336450584718927,0.311921928848189,0.363461040363305,NA,NA,NA
2021-06-25,"lib",0.1,0.0840627867157329,0.0724624993885641,0.0972861588723609,NA,NA,NA
2021-06-25,"snp",0.03,0.0445985542661817,0.0371768553990689,0.0533500933862821,NA,NA,NA
2021-06-26,"con",0.42,0.423264271807004,0.393556436504847,0.451361268072958,NA,NA,NA
2021-06-26,"grn",0.05,0.0610046240215055,0.051055942583397,0.0725610822309534,NA,NA,NA
2021-06-26,"lab",0.33,0.336581563289842,0.312041967498993,0.36367259239262,NA,NA,NA
2021-06-26,"lib",0.09,0.0842853107298809,0.072625779295109,0.0975280948176784,NA,NA,NA
2021-06-26,"snp",0.04,0.0446122166638404,0.0372037061693354,0.0533751229932397,NA,NA,NA
2021-06-28,"con",0.41,0.422320602563237,0.392625009825203,0.450542661649285,NA,NA,NA
2021-06-28,"grn",0.05,0.0610525169020023,0.0511076436043486,0.0725297814387457,NA,NA,NA
2021-06-28,"lab",0.34,0.336959288051294,0.312478177635659,0.364013963039401,NA,NA,NA
2021-06-28,"lib",0.09,0.0846722520082337,0.0729638531492482,0.0980871520668723,NA,NA,NA
2021-06-28,"snp",0.05,0.0446366753966571,0.0372067404211789,0.0534370020833149,NA,NA,NA
2021-06-29,"con",0.42,0.421851208452857,0.392035917372649,0.450068782227985,NA,NA,NA
2021-06-29,"grn",0.06,0.0610771292441719,0.0511248737081206,0.0726006930186989,NA,NA,NA
2021-06-29,"lab",0.31,0.337104329199356,0.312669352459719,0.364362168138019,NA,NA,NA
2021-06-29,"lib",0.1,0.0848838705017843,0.0731852366696784,0.0983685022043435,NA,NA,NA
2021-06-29,"snp",0.05,0.0446546697739495,0.0371868337295338,0.0534663834768121,NA,NA,NA
2021-01-21,"con",0.39,0.399615340300556,0.369233036801073,0.428039668388156,NA,NA,NA
2021-01-21,"grn",0.06,0.048589742219228,0.0404554816429767,0.0582383184439496,NA,NA,NA
2021-01-21,"lab",0.38,0.384990166216612,0.357783930239627,0.41451662766119,NA,NA,NA
2021-01-21,"lib",0.05,0.0692535961945963,0.0592363815384217,0.0808547257416495,NA,NA,NA
2021-01-21,"snp",0.05,0.0481386640659711,0.0398665957421611,0.0579219203210561,NA,NA,NA
2021-07-03,"con",0.41,0.419776132841199,0.389887230343327,0.448151604746335,NA,NA,NA
2021-07-03,"grn",0.04,0.0611171891798944,0.0512986562710982,0.072851371515635,NA,NA,NA
2021-07-03,"lab",0.35,0.337882122300826,0.313316649502356,0.365297685487219,NA,NA,NA
2021-07-03,"lib",0.08,0.0857790930938516,0.073941833902761,0.0992598252177926,NA,NA,NA
2021-07-03,"snp",0.03,0.0447390325577118,0.037317063882084,0.0534874242371013,NA,NA,NA
2021-07-05,"con",0.4,0.418774303197204,0.388876902539948,0.447024245071807,NA,NA,NA
2021-07-05,"con",0.43,0.418774303197204,0.388876902539948,0.447024245071807,NA,NA,NA
2021-07-05,"grn",0.06,0.0611754246602375,0.05129748739249,0.0728637133056916,NA,NA,NA
2021-07-05,"grn",0.06,0.0611754246602375,0.05129748739249,0.0728637133056916,NA,NA,NA
2021-07-05,"lab",0.34,0.338254558660332,0.313683765251237,0.365666575944368,NA,NA,NA
2021-07-05,"lab",0.31,0.338254558660332,0.313683765251237,0.365666575944368,NA,NA,NA
2021-07-05,"lib",0.08,0.0862128873190597,0.0742502044835103,0.0997468392802697,NA,NA,NA
2021-07-05,"lib",0.13,0.0862128873190597,0.0742502044835103,0.0997468392802697,NA,NA,NA
2021-07-05,"snp",0.04,0.044782406778989,0.0373267249179812,0.0535364767758869,NA,NA,NA
2021-07-05,"snp",0.06,0.044782406778989,0.0373267249179812,0.0535364767758869,NA,NA,NA
2021-07-07,"con",0.42,0.417740680095893,0.387893277471222,0.445773439904109,NA,NA,NA
2021-07-07,"grn",0.07,0.0612078858648501,0.0513173313001455,0.0729453588881309,NA,NA,NA
2021-07-07,"lab",0.3,0.338639389319331,0.314094555704359,0.36600756460397,NA,NA,NA
2021-07-07,"lib",0.09,0.0866643061271934,0.0746424939139772,0.100241341683213,NA,NA,NA
2021-07-07,"snp",0.05,0.0448107266476074,0.0373059866821062,0.0536047574651185,NA,NA,NA
2021-07-08,"con",0.43,0.417265318968806,0.387391322002816,0.445228118954058,NA,NA,NA
2021-07-08,"grn",0.06,0.0612468665362787,0.0513196752275624,0.072966792237581,NA,NA,NA
2021-07-08,"lab",0.35,0.338772732786139,0.314316086225446,0.366306036249627,NA,NA,NA
2021-07-08,"lib",0.06,0.086863001170689,0.0748421026666434,0.100461799854163,NA,NA,NA
2021-07-08,"snp",0.05,0.0448212472631328,0.0373083169769999,0.0536294701203538,NA,NA,NA
2021-07-09,"con",0.43,0.416756738514519,0.386851785844415,0.44456575181918,NA,NA,NA
2021-07-09,"con",0.44,0.416756738514519,0.386851785844415,0.44456575181918,NA,NA,NA
2021-07-09,"grn",0.06,0.0612864423487488,0.0513123439177643,0.0730427329110611,NA,NA,NA
2021-07-09,"grn",0.04,0.0612864423487488,0.0513123439177643,0.0730427329110611,NA,NA,NA
2021-07-09,"lab",0.32,0.338929084934483,0.314507143767251,0.366536189227815,NA,NA,NA
2021-07-09,"lab",0.31,0.338929084934483,0.314507143767251,0.366536189227815,NA,NA,NA
2021-07-09,"lib",0.12,0.0870773950222391,0.0750366307414863,0.100676735224509,NA,NA,NA
2021-07-09,"lib",0.09,0.0870773950222391,0.0750366307414863,0.100676735224509,NA,NA,NA
2021-07-09,"snp",0.06,0.0448329043781528,0.0373420481422613,0.0536378551201317,NA,NA,NA
2021-07-09,"snp",0.05,0.0448329043781528,0.0373420481422613,0.0536378551201317,NA,NA,NA
2021-07-10,"con",0.4,0.41627097037816,0.386304272992999,0.443963298544137,NA,NA,NA
2021-07-10,"grn",0.06,0.0613260131167798,0.0513488563436136,0.0731265615187153,NA,NA,NA
2021-07-10,"lab",0.35,0.339150239023575,0.314698905388093,0.366694632540451,NA,NA,NA
2021-07-10,"lib",0.09,0.0872970924470331,0.0752400034751774,0.100967321947118,NA,NA,NA
2021-07-10,"snp",0.04,0.0448457343844003,0.0373389056260159,0.0536870465481544,NA,NA,NA
2021-01-22,"con",0.41,0.400205150347651,0.369863944458089,0.428727511634249,NA,NA,NA
2021-01-22,"grn",0.03,0.0486123176595059,0.0404874159112049,0.0582389503962779,NA,NA,NA
2021-01-22,"lab",0.39,0.384413974297558,0.357299040806315,0.413871577513119,NA,NA,NA
2021-01-22,"lib",0.07,0.0692813710719099,0.0593047361232272,0.0808024269302594,NA,NA,NA
2021-01-22,"snp",0.04,0.0480838978243715,0.0398684201168748,0.0578287886445089,NA,NA,NA
2021-07-12,"con",0.41,0.415287090170395,0.385436771313537,0.443120259990675,NA,NA,NA
2021-07-12,"grn",0.06,0.0614575496025131,0.0514315756752068,0.0732370079093597,NA,NA,NA
2021-07-12,"lab",0.33,0.339509338511942,0.314966716824131,0.367164237010288,NA,NA,NA
2021-07-12,"lib",0.12,0.0876807189911732,0.0756088934864217,0.10146055693496,NA,NA,NA
2021-07-12,"snp",0.04,0.0448755878777462,0.0373361452768231,0.0537568206930957,NA,NA,NA
2021-07-15,"con",0.44,0.413847492750792,0.38391451817383,0.441707607071551,NA,NA,NA
2021-07-15,"grn",0.06,0.0616118058947076,0.0515881410889403,0.0733811058045805,NA,NA,NA
2021-07-15,"lab",0.31,0.340105495780176,0.315508459076037,0.367597464386458,NA,NA,NA
2021-07-15,"lib",0.08,0.088269441524079,0.0761457918024751,0.102176131754842,NA,NA,NA
2021-07-15,"snp",0.04,0.0449223399244852,0.037335389549399,0.053849549054559,NA,NA,NA
2021-07-17,"con",0.41,0.412823204467197,0.382967414429529,0.440855690106845,NA,NA,NA
2021-07-17,"grn",0.05,0.0617423206078997,0.0516849509798776,0.0735608272903321,NA,NA,NA
2021-07-17,"lab",0.34,0.340438207567818,0.315861571649512,0.368098728146671,NA,NA,NA
2021-07-17,"lib",0.08,0.088613734772045,0.0764425193376657,0.102627499909641,NA,NA,NA
2021-07-17,"snp",0.04,0.0449449154975034,0.0373819431607893,0.0538397940427848,NA,NA,NA
2021-07-19,"con",0.39,0.411832334246474,0.381980297186781,0.439901876544176,NA,NA,NA
2021-07-19,"con",0.42,0.411832334246474,0.381980297186781,0.439901876544176,NA,NA,NA
2021-07-19,"grn",0.05,0.061862267066521,0.0517627252775984,0.0737607076452777,NA,NA,NA
2021-07-19,"grn",0.05,0.061862267066521,0.0517627252775984,0.0737607076452777,NA,NA,NA
2021-07-19,"lab",0.33,0.340765525567731,0.316162366489132,0.368393264890804,NA,NA,NA
2021-07-19,"lab",0.35,0.340765525567731,0.316162366489132,0.368393264890804,NA,NA,NA
2021-07-19,"lib",0.1,0.088982583732394,0.0767698539908664,0.103051559214193,NA,NA,NA
2021-07-19,"lib",0.11,0.088982583732394,0.0767698539908664,0.103051559214193,NA,NA,NA
2021-07-19,"snp",0.04,0.0449702357246237,0.0374146632460205,0.0539069139408838,NA,NA,NA
2021-07-19,"snp",0.04,0.0449702357246237,0.0374146632460205,0.0539069139408838,NA,NA,NA
2021-07-20,"con",0.38,0.411399666848694,0.381511077984411,0.439397810578712,NA,NA,NA
2021-07-20,"grn",0.08,0.0619163094479043,0.0517853027394763,0.0738526418887154,NA,NA,NA
2021-07-20,"lab",0.34,0.340888166844064,0.31633663883896,0.368507269358098,NA,NA,NA
2021-07-20,"lib",0.09,0.0891671444202037,0.0769196603644589,0.103216129176404,NA,NA,NA
2021-07-20,"snp",0.05,0.0449805779336676,0.0374073256632271,0.0539239225685694,NA,NA,NA
2021-01-23,"con",0.4,0.400846047328668,0.37035721392662,0.429429523654947,NA,NA,NA
2021-01-23,"con",0.4,0.400846047328668,0.37035721392662,0.429429523654947,NA,NA,NA
2021-01-23,"grn",0.05,0.048647578696543,0.0404895515776912,0.0582918016216895,NA,NA,NA
2021-01-23,"grn",0.03,0.048647578696543,0.0404895515776912,0.0582918016216895,NA,NA,NA
2021-01-23,"lab",0.37,0.383869811759164,0.356947347074343,0.413176219437495,NA,NA,NA
2021-01-23,"lab",0.37,0.383869811759164,0.356947347074343,0.413176219437495,NA,NA,NA
2021-01-23,"lib",0.08,0.0692948718188288,0.0593039909821179,0.0807694812202114,NA,NA,NA
2021-01-23,"lib",0.1,0.0692948718188288,0.0593039909821179,0.0807694812202114,NA,NA,NA
2021-01-23,"snp",0.05,0.0480337566673583,0.0398358071386184,0.0577951018957729,NA,NA,NA
2021-01-23,"snp",0.04,0.0480337566673583,0.0398358071386184,0.0577951018957729,NA,NA,NA
2021-07-22,"con",0.43,0.41042399454733,0.380575245177931,0.438381385579842,NA,NA,NA
2021-07-22,"grn",0.05,0.0620544305601565,0.0518813106337148,0.0739260283980726,NA,NA,NA
2021-07-22,"lab",0.35,0.341218862937091,0.316663013941924,0.368821385713245,NA,NA,NA
2021-07-22,"lib",0.08,0.0895026691550688,0.0772482624185904,0.103682795868476,NA,NA,NA
2021-07-22,"snp",0.05,0.0450038249506662,0.0373940159333545,0.0540004493565443,NA,NA,NA
2021-07-23,"con",0.39,0.409974543662881,0.380127627207632,0.437935783939342,NA,NA,NA
2021-07-23,"grn",0.05,0.0621317544689476,0.0519632059667571,0.0740353129398517,NA,NA,NA
2021-07-23,"lab",0.37,0.341326700925652,0.316777371095131,0.368997782812588,NA,NA,NA
2021-07-23,"lib",0.1,0.0896482199466669,0.0774020378797901,0.103874724859312,NA,NA,NA
2021-07-23,"snp",0.04,0.0450201090910123,0.0374160974334214,0.0539996686692615,NA,NA,NA
2021-07-24,"con",0.42,0.409540426836813,0.379686939399597,0.437280827320237,NA,NA,NA
2021-07-24,"con",0.4,0.409540426836813,0.379686939399597,0.437280827320237,NA,NA,NA
2021-07-24,"grn",0.06,0.062216107194321,0.0520257638753432,0.0741457783225609,NA,NA,NA
2021-07-24,"grn",0.04,0.062216107194321,0.0520257638753432,0.0741457783225609,NA,NA,NA
2021-07-24,"lab",0.37,0.341473702661169,0.316968264662223,0.369122619425327,NA,NA,NA
2021-07-24,"lab",0.34,0.341473702661169,0.316968264662223,0.369122619425327,NA,NA,NA
2021-07-24,"lib",0.1,0.089805763332869,0.0775174420711145,0.10409435306003,NA,NA,NA
2021-07-24,"lib",0.06,0.089805763332869,0.0775174420711145,0.10409435306003,NA,NA,NA
2021-07-24,"snp",0.04,0.0450420641545284,0.037441348184691,0.0540005275589831,NA,NA,NA
2021-07-24,"snp",0.03,0.0450420641545284,0.037441348184691,0.0540005275589831,NA,NA,NA
2021-07-25,"con",0.4,0.409137909911809,0.379183852277904,0.436805221739376,NA,NA,NA
2021-07-25,"grn",0.06,0.0622923414533849,0.0520930515885851,0.0742699012813548,NA,NA,NA
2021-07-25,"lab",0.36,0.34158217826041,0.31707953162124,0.369294966337579,NA,NA,NA
2021-07-25,"lib",0.09,0.0899651852273959,0.0776265692527214,0.104329433449555,NA,NA,NA
2021-07-25,"snp",0.04,0.0450403485791676,0.0374518542004991,0.0540176237481618,NA,NA,NA
2021-07-28,"con",0.39,0.407758864174067,0.378026289062552,0.435317138881204,NA,NA,NA
2021-07-28,"grn",0.09,0.062553748681662,0.0523265149314777,0.0745254776268857,NA,NA,NA
2021-07-28,"lab",0.34,0.342015633310257,0.317391727071232,0.369724571372704,NA,NA,NA
2021-07-28,"lib",0.08,0.0904297953255348,0.0780248452643009,0.10494860213581,NA,NA,NA
2021-07-28,"snp",0.04,0.0450842244267929,0.0374387127201568,0.0540839465408601,NA,NA,NA
2021-07-31,"con",0.4,0.406379360759602,0.376496227589101,0.434142068489486,NA,NA,NA
2021-07-31,"grn",0.06,0.0628254723088616,0.0524196119224575,0.0747426806266128,NA,NA,NA
2021-07-31,"lab",0.34,0.342469010987201,0.317786579807556,0.369997695797892,NA,NA,NA
2021-07-31,"lib",0.1,0.090893651293436,0.0783774728162177,0.105421568961199,NA,NA,NA
2021-07-31,"snp",0.04,0.0451272000883552,0.0374506894026246,0.0541466296006646,NA,NA,NA
2021-08-02,"con",0.41,0.405554489277282,0.375699964151695,0.433381855366072,NA,NA,NA
2021-08-02,"grn",0.06,0.062978833029558,0.0525555775688027,0.0748804134218659,NA,NA,NA
2021-08-02,"lab",0.34,0.342803799377907,0.318128106830328,0.37028695877787,NA,NA,NA
2021-08-02,"lib",0.11,0.0911971806217814,0.07870548877612,0.105732820467054,NA,NA,NA
2021-08-02,"snp",0.04,0.0451439394513086,0.0374586889405093,0.0541498664932525,NA,NA,NA
2021-08-04,"con",0.41,0.404658088540397,0.374881418101958,0.432687676088979,NA,NA,NA
2021-08-04,"grn",0.08,0.0631447321122202,0.0527338095659851,0.0750622172491775,NA,NA,NA
2021-08-04,"lab",0.3,0.343110543010274,0.31831271186613,0.370429215727826,NA,NA,NA
2021-08-04,"lib",0.13,0.0914964282692517,0.0789589669776611,0.106057556244194,NA,NA,NA
2021-08-04,"snp",0.06,0.0451553212404663,0.0374512522449237,0.0541453307126536,NA,NA,NA
2021-08-05,"con",0.42,0.404203649189279,0.374590874371606,0.432327676529105,NA,NA,NA
2021-08-05,"con",0.41,0.404203649189279,0.374590874371606,0.432327676529105,NA,NA,NA
2021-08-05,"grn",0.05,0.0632359004965501,0.0528291364315813,0.0751210742033191,NA,NA,NA
2021-08-05,"grn",0.07,0.0632359004965501,0.0528291364315813,0.0751210742033191,NA,NA,NA
2021-08-05,"lab",0.33,0.343278434485591,0.318399004498583,0.370542804287688,NA,NA,NA
2021-08-05,"lab",0.35,0.343278434485591,0.318399004498583,0.370542804287688,NA,NA,NA
2021-08-05,"lib",0.08,0.0916399120199559,0.0790694783294596,0.106185544802438,NA,NA,NA
2021-08-05,"lib",0.07,0.0916399120199559,0.0790694783294596,0.106185544802438,NA,NA,NA
2021-08-05,"snp",0.05,0.0451670750787418,0.0374604342456438,0.0541434326144423,NA,NA,NA
2021-08-05,"snp",0.06,0.0451670750787418,0.0374604342456438,0.0541434326144423,NA,NA,NA
2021-08-07,"con",0.41,0.403251356189221,0.373824808985462,0.431577510639335,NA,NA,NA
2021-08-07,"grn",0.04,0.0633980701820724,0.0529711219526449,0.0752985083860827,NA,NA,NA
2021-08-07,"lab",0.33,0.343618866497654,0.318411831673053,0.370748979990931,NA,NA,NA
2021-08-07,"lib",0.1,0.0919433158714532,0.0792831849793533,0.106433062053458,NA,NA,NA
2021-08-07,"snp",0.04,0.045196266187398,0.0374457985973485,0.0541680880398837,NA,NA,NA
2021-08-09,"con",0.4,0.402442788284475,0.373064805191595,0.430730893794229,NA,NA,NA
2021-08-09,"grn",0.06,0.0635648914429025,0.0531541734849357,0.075609548825481,NA,NA,NA
2021-08-09,"lab",0.37,0.343879096730518,0.318653660053703,0.370996150456126,NA,NA,NA
2021-08-09,"lib",0.09,0.0922085239008184,0.0795299590473266,0.106735895896503,NA,NA,NA
2021-08-09,"snp",0.04,0.0451988176675147,0.0374761945732592,0.0541827679464012,NA,NA,NA
2021-01-25,"con",0.42,0.401975633571569,0.371772116933122,0.430754898155662,NA,NA,NA
2021-01-25,"grn",0.04,0.0487324340078891,0.0405336264793064,0.0583117155257374,NA,NA,NA
2021-01-25,"lab",0.37,0.382805448235892,0.356086293855206,0.411964052984847,NA,NA,NA
2021-01-25,"lib",0.08,0.069351536393867,0.0593733866758276,0.0807574932253373,NA,NA,NA
2021-01-25,"snp",0.05,0.047920720659141,0.0397781530776462,0.0576628038726907,NA,NA,NA
2021-08-11,"con",0.4,0.401700682813197,0.372373492704507,0.430035762591133,NA,NA,NA
2021-08-11,"grn",0.07,0.0637361983650037,0.0532994468170096,0.0757878414733835,NA,NA,NA
2021-08-11,"lab",0.32,0.344122917941205,0.318831757686304,0.371242224169535,NA,NA,NA
2021-08-11,"lib",0.09,0.0924545547196522,0.0797410230460243,0.107016497432297,NA,NA,NA
2021-08-11,"snp",0.05,0.0452165777358104,0.03748856285154,0.0542180280965484,NA,NA,NA
2021-08-14,"con",0.41,0.400562829633232,0.371173738453474,0.428907102012367,NA,NA,NA
2021-08-14,"grn",0.04,0.0639851093382353,0.0535313332082717,0.0761881981427858,NA,NA,NA
2021-08-14,"lab",0.34,0.344420610889959,0.319256541934631,0.37192444222759,NA,NA,NA
2021-08-14,"lib",0.09,0.0928883147680473,0.0800772817078187,0.107572934313041,NA,NA,NA
2021-08-14,"snp",0.04,0.0452581533040754,0.0375227842742525,0.0542671941938003,NA,NA,NA
2021-08-16,"con",0.4,0.399699734388329,0.370507084592385,0.428182930340715,NA,NA,NA
2021-08-16,"grn",0.05,0.0641501612430542,0.0536986669806192,0.0762491429808534,NA,NA,NA
2021-08-16,"lab",0.36,0.344629041116359,0.319434370195106,0.372297889141244,NA,NA,NA
2021-08-16,"lib",0.1,0.0931488237033096,0.0803312723533774,0.107937841194104,NA,NA,NA
2021-08-16,"snp",0.05,0.045287938283631,0.0374983867746842,0.0543571535401746,NA,NA,NA
2021-08-17,"con",0.4,0.3993228269461,0.37017012772227,0.42782998112037,NA,NA,NA
2021-08-17,"grn",0.08,0.0642182284230701,0.0537605546371743,0.0763928666122055,NA,NA,NA
2021-08-17,"lab",0.32,0.344694410814074,0.319650977012659,0.372343579674434,NA,NA,NA
2021-08-17,"lib",0.09,0.0933028098007118,0.080403164482931,0.108113260866217,NA,NA,NA
2021-08-17,"snp",0.05,0.0453052299146369,0.0375149327999889,0.0543846029185285,NA,NA,NA
2021-08-19,"con",0.39,0.398520062958689,0.369399660256679,0.427123124112049,NA,NA,NA
2021-08-19,"grn",0.06,0.064405031845938,0.0538384531270173,0.0765372661425333,NA,NA,NA
2021-08-19,"lab",0.36,0.344953072148091,0.31980031699992,0.372587960949515,NA,NA,NA
2021-08-19,"lib",0.08,0.0935881351003116,0.0806204390439344,0.10848300952553,NA,NA,NA
2021-08-19,"snp",0.06,0.045333902099645,0.0375491723148296,0.0544582347334899,NA,NA,NA
2021-01-26,"con",0.37,0.402538059164889,0.372444012869012,0.431381597638547,NA,NA,NA
2021-01-26,"grn",0.04,0.0487535471543738,0.0405774834996065,0.0583567423223562,NA,NA,NA
2021-01-26,"lab",0.41,0.382208119621393,0.355550916310552,0.41147113813534,NA,NA,NA
2021-01-26,"lib",0.06,0.0693560075798524,0.0594020395917566,0.0806977278219259,NA,NA,NA
2021-01-26,"snp",0.05,0.047865774534837,0.0397278396093964,0.057565906784903,NA,NA,NA
2021-08-21,"con",0.37,0.397612493294768,0.368542520806499,0.426348442018891,NA,NA,NA
2021-08-21,"con",0.41,0.397612493294768,0.368542520806499,0.426348442018891,NA,NA,NA
2021-08-21,"grn",0.05,0.0645533008173107,0.053937066784451,0.0768044545453882,NA,NA,NA
2021-08-21,"grn",0.04,0.0645533008173107,0.053937066784451,0.0768044545453882,NA,NA,NA
2021-08-21,"lab",0.34,0.345329646761449,0.320003250419842,0.372854924166603,NA,NA,NA
2021-08-21,"lab",0.34,0.345329646761449,0.320003250419842,0.372854924166603,NA,NA,NA
2021-08-21,"lib",0.09,0.0938544967110801,0.080763613579273,0.108796384723868,NA,NA,NA
2021-08-21,"lib",0.14,0.0938544967110801,0.080763613579273,0.108796384723868,NA,NA,NA
2021-08-21,"snp",0.04,0.045357095491834,0.0375668357555092,0.0544996829603861,NA,NA,NA
2021-08-21,"snp",0.04,0.045357095491834,0.0375668357555092,0.0544996829603861,NA,NA,NA
2021-08-23,"con",0.43,0.396849124185625,0.367714136997472,0.425671045345559,NA,NA,NA
2021-08-23,"grn",0.06,0.0646791065736743,0.0539920198810017,0.0770381088929344,NA,NA,NA
2021-08-23,"lab",0.33,0.345542669573898,0.320185211717301,0.373207256213617,NA,NA,NA
2021-08-23,"lib",0.1,0.0941269074315768,0.0809743005396655,0.109148632915544,NA,NA,NA
2021-08-23,"snp",0.03,0.0453910179537302,0.0376079556006911,0.0545514605677088,NA,NA,NA
2021-08-25,"con",0.39,0.396143706269779,0.36693980671492,0.425027819350749,NA,NA,NA
2021-08-25,"grn",0.09,0.0648311046340274,0.0540653771282915,0.0772508647786051,NA,NA,NA
2021-08-25,"lab",0.31,0.345825998880162,0.320421589930233,0.373640395088193,NA,NA,NA
2021-08-25,"lib",0.08,0.0944455104361674,0.0810493769299317,0.109283713701273,NA,NA,NA
2021-08-25,"snp",0.05,0.0454161338757036,0.0376104000050832,0.0546053468248881,NA,NA,NA
2021-08-28,"con",0.4,0.394776979246838,0.365562580062677,0.424056527479583,NA,NA,NA
2021-08-28,"grn",0.05,0.0650648834770591,0.0541553567415762,0.0776476025344123,NA,NA,NA
2021-08-28,"lab",0.34,0.346048238305344,0.320852283555982,0.374295369793616,NA,NA,NA
2021-08-28,"lib",0.1,0.0948210136420964,0.0812135803921628,0.110010380049906,NA,NA,NA
2021-08-28,"snp",0.04,0.0454628287160411,0.0375588363106393,0.0546535167516544,NA,NA,NA
2021-08-29,"con",0.41,0.394373611942155,0.365270406486049,0.423625767649244,NA,NA,NA
2021-08-29,"grn",0.05,0.0651111240809497,0.0541728769625721,0.0778233201982873,NA,NA,NA
2021-08-29,"lab",0.33,0.346125169692727,0.320846109218454,0.374490216917712,NA,NA,NA
2021-08-29,"lib",0.09,0.0949387414303499,0.0812982490834932,0.110234819473219,NA,NA,NA
2021-08-29,"snp",0.04,0.0454938813236622,0.0375874926716534,0.0546998212911214,NA,NA,NA
2021-09-02,"con",0.38,0.392858344791371,0.363201125567441,0.422626844221028,0.392858344791371,NA,NA
2021-09-02,"con",0.41,0.392858344791371,0.363201125567441,0.422626844221028,0.392858344791371,NA,NA
2021-09-02,"con",0.4,0.392858344791371,0.363201125567441,0.422626844221028,0.392858344791371,NA,NA
2021-09-02,"grn",0.1,0.0654391640588546,0.0542877181226629,0.0782943317007093,0.0654391640588546,NA,NA
2021-09-02,"grn",0.07,0.0654391640588546,0.0542877181226629,0.0782943317007093,0.0654391640588546,NA,NA
2021-09-02,"grn",0.06,0.0654391640588546,0.0542877181226629,0.0782943317007093,0.0654391640588546,NA,NA
2021-09-02,"lab",0.35,0.346492174007708,0.321102328569751,0.375443418085096,0.346492174007708,NA,NA
2021-09-02,"lab",0.34,0.346492174007708,0.321102328569751,0.375443418085096,0.346492174007708,NA,NA
2021-09-02,"lab",0.33,0.346492174007708,0.321102328569751,0.375443418085096,0.346492174007708,NA,NA
2021-09-02,"lib",0.07,0.0955309883251446,0.0815926422518026,0.111064921309286,0.0955309883251446,NA,NA
2021-09-02,"lib",0.09,0.0955309883251446,0.0815926422518026,0.111064921309286,0.0955309883251446,NA,NA
2021-09-02,"lib",0.08,0.0955309883251446,0.0815926422518026,0.111064921309286,0.0955309883251446,NA,NA
2021-09-02,"snp",NA,0.0455249625923084,0.0375509727223697,0.0548187824220845,0.0455249625923084,NA,NA
2021-09-02,"snp",0.06,0.0455249625923084,0.0375509727223697,0.0548187824220845,0.0455249625923084,NA,NA
2021-09-02,"snp",0.05,0.0455249625923084,0.0375509727223697,0.0548187824220845,0.0455249625923084,NA,NA
2021-01-28,"con",0.43,0.403787489199716,0.373563211399039,0.432582484095452,NA,NA,NA
2021-01-28,"con",0.41,0.403787489199716,0.373563211399039,0.432582484095452,NA,NA,NA
2021-01-28,"grn",0.05,0.0488263909081207,0.0406522855501487,0.0583955641118444,NA,NA,NA
2021-01-28,"grn",0.04,0.0488263909081207,0.0406522855501487,0.0583955641118444,NA,NA,NA
2021-01-28,"lab",0.37,0.381082179824128,0.354376120453584,0.410336011473294,NA,NA,NA
2021-01-28,"lab",0.38,0.381082179824128,0.354376120453584,0.410336011473294,NA,NA,NA
2021-01-28,"lib",0.07,0.0693848370654635,0.0594359809488065,0.080733890906932,NA,NA,NA
2021-01-28,"lib",0.05,0.0693848370654635,0.0594359809488065,0.080733890906932,NA,NA,NA
2021-01-28,"snp",0.05,0.0477709194966041,0.0396061296831094,0.0574717272482018,NA,NA,NA
2021-01-28,"snp",0.05,0.0477709194966041,0.0396061296831094,0.0574717272482018,NA,NA,NA
2021-01-30,"con",0.41,0.404970795449272,0.374692853407983,0.4336159518627,NA,NA,NA
2021-01-30,"grn",0.03,0.0488986930160545,0.0407670605526105,0.0584231447757996,NA,NA,NA
2021-01-30,"lab",0.38,0.379960895609876,0.353274325955763,0.409150308089842,NA,NA,NA
2021-01-30,"lib",0.06,0.0694231963158508,0.0594239944479242,0.0807639482864244,NA,NA,NA
2021-01-30,"snp",0.05,0.0476668724110564,0.0395092576294438,0.0573257044820821,NA,NA,NA
2021-02-01,"con",0.42,0.406215180320675,0.375913323118294,0.434569855729303,NA,NA,NA
2021-02-01,"con",0.4,0.406215180320675,0.375913323118294,0.434569855729303,NA,NA,NA
2021-02-01,"grn",0.04,0.0489480935840407,0.0408088845627702,0.0585223481467485,NA,NA,NA
2021-02-01,"grn",0.08,0.0489480935840407,0.0408088845627702,0.0585223481467485,NA,NA,NA
2021-02-01,"lab",0.38,0.378940065620554,0.352281993359353,0.407946903189019,NA,NA,NA
2021-02-01,"lab",0.38,0.378940065620554,0.352281993359353,0.407946903189019,NA,NA,NA
2021-02-01,"lib",0.08,0.069455025367083,0.0594143829119722,0.0806888904902438,NA,NA,NA
2021-02-01,"lib",0.07,0.069455025367083,0.0594143829119722,0.0806888904902438,NA,NA,NA
2021-02-01,"snp",0.05,0.0475619413347577,0.0394351049038925,0.0572151344636201,NA,NA,NA
2021-02-01,"snp",0.05,0.0475619413347577,0.0394351049038925,0.0572151344636201,NA,NA,NA
2021-01-06,"con",0.39,0.390524226214197,0.359821123032934,0.41989132466416,NA,NA,NA
2021-01-06,"grn",0.04,0.048345722866706,0.0398478076755929,0.0585318336746688,NA,NA,NA
2021-01-06,"lab",0.4,0.393058332419267,0.365098184381216,0.423793169986066,NA,NA,NA
2021-01-06,"lib",0.06,0.0689513512993803,0.0586330568352963,0.0808633591792669,NA,NA,NA
2021-01-06,"snp",0.05,0.048895772588219,0.0403591223842362,0.0590896144306691,NA,NA,NA
2021-02-02,"con",0.39,0.406842286806173,0.376403090414662,0.435087496681897,NA,NA,NA
2021-02-02,"con",0.41,0.406842286806173,0.376403090414662,0.435087496681897,NA,NA,NA
2021-02-02,"grn",0.06,0.0489793580007716,0.0408457451939543,0.0585202540384805,NA,NA,NA
2021-02-02,"grn",0.06,0.0489793580007716,0.0408457451939543,0.0585202540384805,NA,NA,NA
2021-02-02,"lab",0.38,0.378457134855152,0.351683681767978,0.407329192997848,NA,NA,NA
2021-02-02,"lab",0.37,0.378457134855152,0.351683681767978,0.407329192997848,NA,NA,NA
2021-02-02,"lib",0.07,0.0694725302163365,0.0594378011591613,0.080733486063369,NA,NA,NA
2021-02-02,"lib",0.06,0.0694725302163365,0.0594378011591613,0.080733486063369,NA,NA,NA
2021-02-02,"snp",0.06,0.0475170898401944,0.0393896060364695,0.0571562117492833,NA,NA,NA
2021-02-02,"snp",0.05,0.0475170898401944,0.0393896060364695,0.0571562117492833,NA,NA,NA
2021-02-05,"con",0.39,0.408556430331695,0.378194508875058,0.43672067661124,NA,NA,NA
2021-02-05,"grn",0.07,0.0491400761079821,0.0409731543766877,0.0586090150092325,NA,NA,NA
2021-02-05,"lab",0.33,0.376828015289261,0.350169590975148,0.405536522154291,NA,NA,NA
2021-02-05,"lib",0.09,0.0695344913945226,0.0595171826118549,0.0806930954454464,NA,NA,NA
2021-02-05,"snp",0.05,0.0473576778725311,0.0392853798134467,0.0568917579041368,NA,NA,NA
2021-02-06,"con",0.41,0.409176020447404,0.378840684221915,0.437270201419587,NA,NA,NA
2021-02-06,"grn",0.04,0.0491837897179605,0.0410204205708392,0.0586457115077232,NA,NA,NA
2021-02-06,"lab",0.37,0.376289140154958,0.349693514967376,0.404933407723862,NA,NA,NA
2021-02-06,"lib",0.08,0.0695760215795502,0.0595068688717625,0.0807324505659011,NA,NA,NA
2021-02-06,"snp",0.04,0.0473002662485378,0.0392612647756249,0.0567634955854012,NA,NA,NA
2021-02-08,"con",0.43,0.410302406685393,0.379994254450557,0.438311213343649,NA,NA,NA
2021-02-08,"grn",0.04,0.0492608791952585,0.0410913703281646,0.0587234696629866,NA,NA,NA
2021-02-08,"lab",0.38,0.375156848923055,0.348621757617885,0.403891008986944,NA,NA,NA
2021-02-08,"lib",0.07,0.0696400165824721,0.0595547405358741,0.0807116282915845,NA,NA,NA
2021-02-08,"snp",0.05,0.0472078511013337,0.0391717107381726,0.0566752373168048,NA,NA,NA
2021-02-09,"con",0.41,0.410856427999108,0.380527497544628,0.438908406114066,NA,NA,NA
2021-02-09,"grn",0.07,0.049320086800506,0.0411175218838789,0.0587722329094487,NA,NA,NA
2021-02-09,"lab",0.36,0.374643033171351,0.348065081590798,0.403266093584392,NA,NA,NA
2021-02-09,"lib",0.06,0.0696674447732684,0.0595733795217163,0.0807994542531994,NA,NA,NA
2021-02-09,"snp",0.05,0.0471680514304163,0.039143127563293,0.0565790658373203,NA,NA,NA
2021-02-11,"con",0.42,0.411768329324108,0.381763359895178,0.440055187362464,NA,NA,NA
2021-02-11,"grn",0.05,0.0494276610063015,0.0412151276002877,0.0589017152943396,NA,NA,NA
2021-02-11,"lab",0.37,0.373576701663235,0.34705306862146,0.402154021138687,NA,NA,NA
2021-02-11,"lib",0.06,0.0697180350835049,0.0596482678402012,0.0808118224945504,NA,NA,NA
2021-02-11,"snp",0.05,0.0470896731540296,0.0390964870441899,0.056382301709074,NA,NA,NA
2021-02-13,"con",0.42,0.412817486655957,0.38273260729433,0.441137937583473,NA,NA,NA
2021-02-13,"grn",0.03,0.0495188424450614,0.0412965612908863,0.0590152800173598,NA,NA,NA
2021-02-13,"lab",0.37,0.372473665657242,0.345919107887631,0.401063948406015,NA,NA,NA
2021-02-13,"lib",0.07,0.0697963451751745,0.0596983781489792,0.0808514773006131,NA,NA,NA
2021-02-13,"snp",0.04,0.046981597082107,0.0390437640661392,0.0562733647184445,NA,NA,NA
2021-02-15,"con",0.41,0.413830646308,0.383840861659617,0.442095204290204,NA,NA,NA
2021-02-15,"grn",0.05,0.0496050624990831,0.0414136435487549,0.059248911602362,NA,NA,NA
2021-02-15,"lab",0.39,0.371422107814854,0.344845250395847,0.400178159665808,NA,NA,NA
2021-02-15,"lib",0.08,0.0698826636866074,0.0597585571922377,0.0808969032267843,NA,NA,NA
2021-02-15,"snp",0.05,0.0468758574463236,0.0389873721797341,0.0561556953891616,NA,NA,NA
2021-02-17,"con",0.4,0.414823073745011,0.384820890013924,0.44298178820825,NA,NA,NA
2021-02-17,"grn",0.06,0.0497372066769729,0.0415681779153551,0.0593602650232955,NA,NA,NA
2021-02-17,"lab",0.37,0.370373144903226,0.34392796485152,0.39921671063715,NA,NA,NA
2021-02-17,"lib",0.07,0.0699245222051353,0.0598323658444764,0.0809707384580842,NA,NA,NA
2021-02-17,"snp",0.05,0.0468025947276336,0.0389444959143552,0.0560497135377998,NA,NA,NA
2021-02-20,"con",0.4,0.416264767576654,0.38605075618639,0.444304412617706,NA,NA,NA
2021-02-20,"con",0.4,0.416264767576654,0.38605075618639,0.444304412617706,NA,NA,NA
2021-02-20,"grn",0.06,0.0499218210661973,0.0416583300218585,0.0594952419798968,NA,NA,NA
2021-02-20,"grn",0.03,0.0499218210661973,0.0416583300218585,0.0594952419798968,NA,NA,NA
2021-02-20,"lab",0.38,0.368853655814462,0.342560821315642,0.397677123051629,NA,NA,NA
2021-02-20,"lab",0.33,0.368853655814462,0.342560821315642,0.397677123051629,NA,NA,NA
2021-02-20,"lib",0.07,0.070038704891166,0.0599397999783342,0.0810722478167961,NA,NA,NA
2021-02-20,"lib",0.11,0.070038704891166,0.0599397999783342,0.0810722478167961,NA,NA,NA
2021-02-20,"snp",0.04,0.0466790900007015,0.0388414284607791,0.0559532738052134,NA,NA,NA
2021-02-20,"snp",0.04,0.0466790900007015,0.0388414284607791,0.0559532738052134,NA,NA,NA
2021-02-22,"con",0.43,0.417141211407141,0.386971163841697,0.445195023782513,NA,NA,NA
2021-02-22,"grn",0.05,0.0500470528604811,0.0417132885701066,0.0595859827677195,NA,NA,NA
2021-02-22,"lab",0.37,0.367846949985002,0.341557466133903,0.396576997371448,NA,NA,NA
2021-02-22,"lib",0.07,0.0701255096892341,0.0599520842553257,0.0811772763043467,NA,NA,NA
2021-02-22,"snp",0.04,0.0465959199310102,0.0388014704041855,0.0558963818397147,NA,NA,NA
2021-02-24,"con",0.42,0.418033995009906,0.387807055955609,0.446045231110601,NA,NA,NA
2021-02-24,"grn",0.06,0.0501418195348235,0.0418058543769691,0.0597112353738826,NA,NA,NA
2021-02-24,"lab",0.34,0.366905422194063,0.34064012734869,0.395565082477902,NA,NA,NA
2021-02-24,"lib",0.07,0.0702253571270858,0.0600542417421975,0.0812586240544803,NA,NA,NA
2021-02-24,"snp",0.05,0.0465217444870338,0.0387396268743779,0.0557396532610784,NA,NA,NA
2021-02-25,"con",0.41,0.418421593206678,0.388227396544393,0.446276837006839,NA,NA,NA
2021-02-25,"con",0.42,0.418421593206678,0.388227396544393,0.446276837006839,NA,NA,NA
2021-02-25,"con",0.43,0.418421593206678,0.388227396544393,0.446276837006839,NA,NA,NA
2021-02-25,"grn",0.07,0.0502078132448755,0.0418378023929498,0.0597765293097635,NA,NA,NA
2021-02-25,"grn",0.04,0.0502078132448755,0.0418378023929498,0.0597765293097635,NA,NA,NA
2021-02-25,"grn",0.04,0.0502078132448755,0.0418378023929498,0.0597765293097635,NA,NA,NA
2021-02-25,"lab",0.36,0.366472977135,0.340229489067235,0.39504795385592,NA,NA,NA
2021-02-25,"lab",0.36,0.366472977135,0.340229489067235,0.39504795385592,NA,NA,NA
2021-02-25,"lab",0.38,0.366472977135,0.340229489067235,0.39504795385592,NA,NA,NA
2021-02-25,"lib",0.07,0.0702660610505395,0.0601080798655432,0.0812773329152703,NA,NA,NA
2021-02-25,"lib",0.06,0.0702660610505395,0.0601080798655432,0.0812773329152703,NA,NA,NA
2021-02-25,"lib",0.05,0.0702660610505395,0.0601080798655432,0.0812773329152703,NA,NA,NA
2021-02-25,"snp",0.02,0.0464849886723286,0.0387107358977906,0.0556637136665639,NA,NA,NA
2021-02-25,"snp",0.06,0.0464849886723286,0.0387107358977906,0.0556637136665639,NA,NA,NA
2021-02-25,"snp",0.05,0.0464849886723286,0.0387107358977906,0.0556637136665639,NA,NA,NA
2021-02-27,"con",0.43,0.419218463422387,0.389026346431468,0.44709477867817,NA,NA,NA
2021-02-27,"grn",0.03,0.0503415005915318,0.041938753156505,0.0599089583617072,NA,NA,NA
2021-02-27,"lab",0.36,0.365645561732936,0.339445927123614,0.39408663079588,NA,NA,NA
2021-02-27,"lib",0.07,0.0703393001390405,0.0602190846634769,0.0813842060367669,NA,NA,NA
2021-02-27,"snp",0.04,0.0464178224283757,0.0386599145920637,0.05555850615104,NA,NA,NA
2021-03-01,"con",0.44,0.419986737401547,0.389682202738885,0.44785062093193,NA,NA,NA
2021-03-01,"grn",0.03,0.0504348889236658,0.0420065914193343,0.0599905795619804,NA,NA,NA
2021-03-01,"lab",0.38,0.364811142057616,0.338609023903564,0.393150908850647,NA,NA,NA
2021-03-01,"lib",0.07,0.0704215521395923,0.0603084205646108,0.0815066875119564,NA,NA,NA
2021-03-01,"snp",0.04,0.0463451687117859,0.0386236710715962,0.0554953646014103,NA,NA,NA
2021-03-03,"con",0.45,0.420574386234109,0.390406348153264,0.448450714473293,NA,NA,NA
2021-03-03,"grn",0.07,0.0505658839161105,0.0421776231483798,0.0601535727303062,NA,NA,NA
2021-03-03,"lab",0.32,0.36396066893622,0.337826400632448,0.392172564041803,NA,NA,NA
2021-03-03,"lib",0.06,0.0705500156455001,0.0603947644412328,0.0816414261153635,NA,NA,NA
2021-03-03,"snp",0.05,0.0462911262317379,0.038606228913321,0.0554226395943888,NA,NA,NA
2021-01-09,"con",0.4,0.392292108007427,0.361643272371845,0.421531937169374,NA,NA,NA
2021-01-09,"grn",0.04,0.0483654223433356,0.0400071674802054,0.0584177635919026,NA,NA,NA
2021-01-09,"lab",0.37,0.391563994751613,0.363924731022549,0.421635647897935,NA,NA,NA
2021-01-09,"lib",0.08,0.0690664180439335,0.0588156697756197,0.0808254241118445,NA,NA,NA
2021-01-09,"snp",0.04,0.048753419015355,0.0402810394625383,0.0588519012462131,NA,NA,NA
2021-03-06,"con",0.42,0.421410349100302,0.391248622759889,0.449438836148117,NA,NA,NA
2021-03-06,"grn",0.04,0.0507800095695644,0.042407934093488,0.0603150104970381,NA,NA,NA
2021-03-06,"lab",0.36,0.362744550922954,0.336709269482806,0.391047986092945,NA,NA,NA
2021-03-06,"lib",0.08,0.0707175798800706,0.0605647540928259,0.0818718614267261,NA,NA,NA
2021-03-06,"snp",0.04,0.0461924206838652,0.038560868964104,0.0553675821077609,NA,NA,NA
2021-03-08,"con",0.45,0.422026327260556,0.391863827937568,0.449879697007052,NA,NA,NA
2021-03-08,"con",0.45,0.422026327260556,0.391863827937568,0.449879697007052,NA,NA,NA
2021-03-08,"grn",0.04,0.0508913600745138,0.0424362131691743,0.0604751289160923,NA,NA,NA
2021-03-08,"grn",0.05,0.0508913600745138,0.0424362131691743,0.0604751289160923,NA,NA,NA
2021-03-08,"lab",0.38,0.362052265516755,0.336030942776422,0.390256203459884,NA,NA,NA
2021-03-08,"lab",0.36,0.362052265516755,0.336030942776422,0.390256203459884,NA,NA,NA
2021-03-08,"lib",0.07,0.0708273371340199,0.0606902337787834,0.0820164495502455,NA,NA,NA
2021-03-08,"lib",0.06,0.0708273371340199,0.0606902337787834,0.0820164495502455,NA,NA,NA
2021-03-08,"snp",0.04,0.0461463768418945,0.0385119027534012,0.0552807165093873,NA,NA,NA
2021-03-08,"snp",0.05,0.0461463768418945,0.0385119027534012,0.0552807165093873,NA,NA,NA
2021-03-09,"con",0.43,0.422277682252641,0.392136243677864,0.45015044600961,NA,NA,NA
2021-03-09,"con",0.42,0.422277682252641,0.392136243677864,0.45015044600961,NA,NA,NA
2021-03-09,"grn",0.06,0.0509606987423607,0.0424680042397232,0.0605500916302493,NA,NA,NA
2021-03-09,"grn",0.05,0.0509606987423607,0.0424680042397232,0.0605500916302493,NA,NA,NA
2021-03-09,"lab",0.33,0.361722905520097,0.335775763653001,0.38977993518419,NA,NA,NA
2021-03-09,"lab",0.33,0.361722905520097,0.335775763653001,0.38977993518419,NA,NA,NA
2021-03-09,"lib",0.09,0.0708990287303466,0.0607620576772737,0.0820496987695995,NA,NA,NA
2021-03-09,"lib",0.07,0.0708990287303466,0.0607620576772737,0.0820496987695995,NA,NA,NA
2021-03-09,"snp",0.05,0.0461102249966814,0.038502444109783,0.0552320814088914,NA,NA,NA
2021-03-09,"snp",0.04,0.0461102249966814,0.038502444109783,0.0552320814088914,NA,NA,NA
2021-03-11,"con",0.43,0.422726395197434,0.392770143758617,0.450614255441071,NA,NA,NA
2021-03-11,"grn",0.04,0.0510732702384116,0.0425275032127829,0.0607224472588958,NA,NA,NA
2021-03-11,"lab",0.37,0.361002025204388,0.335003340407971,0.389132107556965,NA,NA,NA
2021-03-11,"lib",0.06,0.071023617843389,0.060872651866994,0.0822325688660978,NA,NA,NA
2021-03-11,"snp",0.05,0.0460641711661333,0.0384703032979863,0.0551546563149598,NA,NA,NA
2021-03-13,"con",0.39,0.423120597155334,0.393231274573476,0.451058375992428,NA,NA,NA
2021-03-13,"grn",0.04,0.0512175613473864,0.0426694506864572,0.0609330619208214,NA,NA,NA
2021-03-13,"lab",0.37,0.360327008548175,0.334454999237003,0.388490915416027,NA,NA,NA
2021-03-13,"lib",0.08,0.0711567035182371,0.0609943355501643,0.0823772496560935,NA,NA,NA
2021-03-13,"snp",0.04,0.0460345256618037,0.0384648084566291,0.0550870142038508,NA,NA,NA
2021-03-14,"con",0.42,0.423308301716488,0.393343946209854,0.45128813297904,NA,NA,NA
2021-03-14,"grn",0.05,0.0512696487368739,0.0427476249082379,0.061056770658665,NA,NA,NA
2021-03-14,"lab",0.37,0.359990965890503,0.334122886841229,0.388220347207938,NA,NA,NA
2021-03-14,"lib",0.07,0.071246163008705,0.0610269122113464,0.082452987955595,NA,NA,NA
2021-03-14,"snp",0.05,0.0460069796733812,0.0384673575251318,0.0550587685621126,NA,NA,NA
2021-03-15,"con",0.43,0.423480322563355,0.393638231775438,0.451438711624099,NA,NA,NA
2021-03-15,"grn",0.05,0.0513648449116923,0.042824874975633,0.061161275767927,NA,NA,NA
2021-03-15,"lab",0.36,0.3596601542923,0.333875932186598,0.387912541560418,NA,NA,NA
2021-03-15,"lib",0.07,0.0713158457340174,0.0610853033056017,0.08254916131989,NA,NA,NA
2021-03-15,"snp",0.04,0.0459892021270288,0.0384555781093636,0.055044769919633,NA,NA,NA
2021-03-17,"con",0.39,0.423808428403779,0.393957209749061,0.451734694183504,NA,NA,NA
2021-03-17,"grn",0.06,0.0515197922943086,0.0429600652401697,0.0613139187083358,NA,NA,NA
2021-03-17,"lab",0.37,0.35909320790051,0.333356189055687,0.387268175702908,NA,NA,NA
2021-03-17,"lib",0.09,0.0715126479985634,0.0612328791725371,0.0827031723009437,NA,NA,NA
2021-03-17,"snp",0.04,0.045951780609283,0.0384291298095277,0.0550129883061783,NA,NA,NA
2021-03-18,"con",0.43,0.42396174342768,0.394004168964761,0.451909211690205,NA,NA,NA
2021-03-18,"grn",0.07,0.0515904412751209,0.0430404080067892,0.0613810666299989,NA,NA,NA
2021-03-18,"lab",0.34,0.358824594830071,0.333137406145248,0.386919200007923,NA,NA,NA
2021-03-18,"lib",0.05,0.0716024963977564,0.0612694252575604,0.0828027903169028,NA,NA,NA
2021-03-18,"snp",0.05,0.0459420125194656,0.0384131934230547,0.0549840160834263,NA,NA,NA
2021-03-20,"con",0.42,0.424224422860822,0.394444514047595,0.451999791166951,NA,NA,NA
2021-03-20,"grn",0.03,0.0517494193598777,0.0431900311571918,0.0615742710046779,NA,NA,NA
2021-03-20,"lab",0.38,0.358231535391526,0.332522038189745,0.386258156469696,NA,NA,NA
2021-03-20,"lib",0.06,0.0717502902555836,0.0614687740690312,0.0829713383825172,NA,NA,NA
2021-03-20,"snp",0.04,0.045932040016348,0.038357603462984,0.0549631869634262,NA,NA,NA
2021-03-22,"con",0.42,0.424544028611728,0.394733624821553,0.452263125682919,NA,NA,NA
2021-03-22,"grn",0.06,0.0519081253635717,0.0433268219715986,0.0617723339806937,NA,NA,NA
2021-03-22,"lab",0.36,0.357579107652066,0.331990610516664,0.385645547548445,NA,NA,NA
2021-03-22,"lib",0.09,0.071906546323758,0.0616295238644994,0.083167079253008,NA,NA,NA
2021-03-22,"snp",0.04,0.045907156714578,0.0383408679110748,0.0549467464546024,NA,NA,NA
2021-01-11,"con",0.41,0.393431932119769,0.3630425117379,0.422629854061104,NA,NA,NA
2021-01-11,"grn",0.05,0.0484187112377776,0.0400501512748011,0.0582919671111206,NA,NA,NA
2021-01-11,"lab",0.37,0.390534045509154,0.362814352039101,0.420462354851637,NA,NA,NA
2021-01-11,"lib",0.08,0.0690688106597834,0.0589049228680456,0.0808354679387081,NA,NA,NA
2021-01-11,"snp",0.05,0.0486660515599517,0.0402245612078563,0.0587026948979016,NA,NA,NA
2021-03-25,"con",0.42,0.424927056525766,0.394689820662585,0.452672123615348,NA,NA,NA
2021-03-25,"con",0.41,0.424927056525766,0.394689820662585,0.452672123615348,NA,NA,NA
2021-03-25,"grn",0.07,0.0521924697348136,0.0435917229859169,0.062020831311203,NA,NA,NA
2021-03-25,"grn",0.05,0.0521924697348136,0.0435917229859169,0.062020831311203,NA,NA,NA
2021-03-25,"lab",0.37,0.356682671694345,0.331218507996146,0.3846409271957,NA,NA,NA
2021-03-25,"lab",0.32,0.356682671694345,0.331218507996146,0.3846409271957,NA,NA,NA
2021-03-25,"lib",0.06,0.0721863888946505,0.0618489500062654,0.0835092915738337,NA,NA,NA
2021-03-25,"lib",0.08,0.0721863888946505,0.0618489500062654,0.0835092915738337,NA,NA,NA
2021-03-25,"snp",0.06,0.0458722183539964,0.0383037675498847,0.0549020950732719,NA,NA,NA
2021-03-25,"snp",0.05,0.0458722183539964,0.0383037675498847,0.0549020950732719,NA,NA,NA
2021-03-26,"con",0.44,0.425016223884463,0.394830168927424,0.45269290039287,NA,NA,NA
2021-03-26,"grn",0.04,0.0522747007726176,0.0436241726164129,0.0621580824154394,NA,NA,NA
2021-03-26,"lab",0.36,0.356440123569543,0.33096348743362,0.384345573593493,NA,NA,NA
2021-03-26,"lib",0.06,0.0722778199352143,0.0619454772461976,0.0836107296376671,NA,NA,NA
2021-03-26,"snp",0.02,0.0458616782647774,0.0382748743213468,0.0548553216089911,NA,NA,NA
2021-03-27,"con",0.42,0.425078023017237,0.394974411369186,0.452804421696135,NA,NA,NA
2021-03-27,"grn",0.04,0.0523851078804702,0.0436962241982117,0.0622499387147567,NA,NA,NA
2021-03-27,"lab",0.34,0.356138282003628,0.330729317171224,0.3840635848372,NA,NA,NA
2021-03-27,"lib",0.09,0.0723685202365846,0.0620469248327313,0.0837181232040436,NA,NA,NA
2021-03-27,"snp",0.07,0.0458461959514337,0.0382647619309012,0.054817960008046,NA,NA,NA
2021-03-29,"con",0.44,0.425216361171601,0.395245221632598,0.45316175394822,NA,NA,NA
2021-03-29,"grn",0.04,0.0525881387504774,0.0438855187084617,0.0624684921285904,NA,NA,NA
2021-03-29,"lab",0.36,0.355630614937102,0.33022943038307,0.383510412300245,NA,NA,NA
2021-03-29,"lib",0.07,0.0725863984359717,0.0622454263666124,0.0839630670577481,NA,NA,NA
2021-03-29,"snp",0.04,0.0458331352435228,0.038266672258317,0.054794224214166,NA,NA,NA
2021-03-31,"con",0.42,0.425426299873316,0.395307449830321,0.453259821751399,NA,NA,NA
2021-03-31,"grn",0.06,0.0527707238850391,0.0440851410308971,0.0626853589506259,NA,NA,NA
2021-03-31,"lab",0.34,0.355032817157874,0.329837114310205,0.38289099039858,NA,NA,NA
2021-03-31,"lib",0.07,0.0727751208938969,0.0623838209964891,0.0842596558175925,NA,NA,NA
2021-03-31,"snp",0.05,0.0458075074733321,0.0382451208962126,0.0547768054504302,NA,NA,NA
2021-01-12,"con",0.4,0.393956037966409,0.363589440397264,0.423320550035982,NA,NA,NA
2021-01-12,"grn",0.05,0.0484278619570881,0.040101710062515,0.0581975305938166,NA,NA,NA
2021-01-12,"lab",0.38,0.389929541598929,0.362420618180245,0.419885247338739,NA,NA,NA
2021-01-12,"lib",0.07,0.0690819712145051,0.0589466765114455,0.080805691174433,NA,NA,NA
2021-01-12,"snp",0.04,0.0486044391263803,0.0401979865720307,0.0586405137577907,NA,NA,NA
2021-04-03,"con",0.42,0.425586644147207,0.395305091814727,0.453476257433728,NA,NA,NA
2021-04-03,"grn",0.03,0.0531318044502236,0.0443977265444415,0.0631210400536444,NA,NA,NA
2021-04-03,"lab",0.35,0.354138134036134,0.329084626291864,0.381974837056914,NA,NA,NA
2021-04-03,"lib",0.08,0.0731278373761849,0.0626624331458656,0.0845663849646309,NA,NA,NA
2021-04-03,"snp",0.04,0.0458048035223572,0.0382310725616774,0.0547439411758182,NA,NA,NA
2021-04-05,"con",0.44,0.425675835543414,0.395387550373412,0.453480269038124,NA,NA,NA
2021-04-05,"grn",0.05,0.0534011417624611,0.0446426383106654,0.0634462391870069,NA,NA,NA
2021-04-05,"lab",0.34,0.353546724003715,0.328524555485243,0.381324529185412,NA,NA,NA
2021-04-05,"lib",0.09,0.073359202471769,0.0629126245821173,0.0848371098017468,NA,NA,NA
2021-04-05,"snp",0.04,0.0457815110517811,0.0382078904174292,0.0547176636085783,NA,NA,NA
2021-04-07,"con",0.41,0.425795401960891,0.395473441680429,0.453532242356981,NA,NA,NA
2021-04-07,"grn",0.06,0.0536432063127122,0.044822185393266,0.0637165044232435,NA,NA,NA
2021-04-07,"lab",0.34,0.352883486903592,0.328064394382715,0.380662314344674,NA,NA,NA
2021-04-07,"lib",0.06,0.0735885522989947,0.0631124367035326,0.085130324715835,NA,NA,NA
2021-04-07,"snp",0.05,0.0457640531836674,0.0382005943565928,0.0546759173424873,NA,NA,NA
2021-04-08,"con",0.45,0.425797172261115,0.395503932694559,0.45354394607211,NA,NA,NA
2021-04-08,"grn",0.04,0.0537654351304724,0.0449050736478149,0.0638660031400532,NA,NA,NA
2021-04-08,"lab",0.36,0.352593982577933,0.327819116605776,0.380348387702521,NA,NA,NA
2021-04-08,"lib",0.06,0.0736788936054053,0.0632043752843478,0.0852478152520059,NA,NA,NA
2021-04-08,"snp",0.06,0.0457531287392062,0.0382152722326359,0.05465764244748,NA,NA,NA
2021-04-09,"con",0.43,0.425864298284958,0.39562099459177,0.453590238268562,NA,NA,NA
2021-04-09,"con",0.45,0.425864298284958,0.39562099459177,0.453590238268562,NA,NA,NA
2021-04-09,"grn",0.04,0.0539062676105716,0.0450004659661935,0.0640951121827986,NA,NA,NA
2021-04-09,"grn",0.04,0.0539062676105716,0.0450004659661935,0.0640951121827986,NA,NA,NA
2021-04-09,"lab",0.36,0.352285300091027,0.327482390520806,0.379976480551293,NA,NA,NA
2021-04-09,"lab",0.35,0.352285300091027,0.327482390520806,0.379976480551293,NA,NA,NA
2021-04-09,"lib",0.06,0.0737689230956601,0.0633018470142819,0.085394560504613,NA,NA,NA
2021-04-09,"lib",0.08,0.0737689230956601,0.0633018470142819,0.085394560504613,NA,NA,NA
2021-04-09,"snp",0.02,0.0457341434509421,0.0382032718852854,0.0546430961001687,NA,NA,NA
2021-04-09,"snp",0.03,0.0457341434509421,0.0382032718852854,0.0546430961001687,NA,NA,NA
2021-04-10,"con",0.42,0.425921448162536,0.395689610804405,0.453649068727068,NA,NA,NA
2021-04-10,"grn",0.04,0.0540489607753924,0.0451007233324684,0.064224094876,NA,NA,NA
2021-04-10,"lab",0.35,0.351961398759238,0.327158946940874,0.379627646155454,NA,NA,NA
2021-04-10,"lib",0.07,0.0738675655693166,0.06340749079777,0.0855507847595505,NA,NA,NA
2021-04-10,"snp",0.05,0.0457187055478451,0.0381869723879309,0.0546407390351708,NA,NA,NA
2021-04-12,"con",0.43,0.426067614626046,0.39586493274819,0.453998588775445,NA,NA,NA
2021-04-12,"grn",0.05,0.0543240587141518,0.0453455920733272,0.0645391026054724,NA,NA,NA
2021-04-12,"lab",0.36,0.351310920138985,0.326556939168074,0.37904287859699,NA,NA,NA
2021-04-12,"lib",0.07,0.0740943339550551,0.0635724604368174,0.085828706761076,NA,NA,NA
2021-04-12,"snp",0.04,0.0456982285229219,0.0381899873345278,0.0546166463124381,NA,NA,NA
